burn_cluster_collapse,snapshotDate,obsAge,prd_s_snpdt_burn_man_dim,prd_s_snpdt_tsl_man_dim,prd_s_snpdt_em_age_man_dim,epgrp_cumul_exp_pct_dev,epgrp_cumul_exp_var_pct_dev_since,epgrp_cumul_rdm_1_pct_dev,epgrp_cumul_rdm_1_var_pct_dev_since,epgrp_cumul_rdm_2_pct_dev,epgrp_cumul_rdm_2_var_pct_dev_since,epgrp_cumul_rdm_3_pct_dev,epgrp_cumul_rdm_3_var_pct_dev_since,epgrp_cumul_rdm_4_pct_dev,epgrp_cumul_rdm_4_var_pct_dev_since,epgrp_cumul_rdm_5_pct_dev,epgrp_cumul_rdm_5_var_pct_dev_since,mask_epgrp_cumul_exp_pct_dev,mask_epgrp_cumul_exp_var_pct_dev_since,mask_epgrp_cumul_rdm_1_pct_dev,mask_epgrp_cumul_rdm_1_var_pct_dev_since,mask_epgrp_cumul_rdm_2_pct_dev,mask_epgrp_cumul_rdm_2_var_pct_dev_since,mask_epgrp_cumul_rdm_3_pct_dev,mask_epgrp_cumul_rdm_3_var_pct_dev_since,mask_epgrp_cumul_rdm_4_pct_dev,mask_epgrp_cumul_rdm_4_var_pct_dev_since,mask_epgrp_cumul_rdm_5_pct_dev,mask_epgrp_cumul_rdm_5_var_pct_dev_since,prd_s_snpDt_epgrp_os,prd_s_snpDt_epgrp_os_squared,pred_epgrp_cumul_exp_pct_dev,pred_epgrp_cumul_exp_pct_dev_since_total_variance,pred_epgrp_cumul_exp_pct_dev_since_vhm,pred_epgrp_cumul_exp_var_pct_dev_since,pred_epgrp_cumul_rdm_1_pct_dev,pred_epgrp_cumul_rdm_1_pct_dev_since_total_variance,pred_epgrp_cumul_rdm_1_pct_dev_since_vhm,pred_epgrp_cumul_rdm_1_var_pct_dev_since,pred_epgrp_cumul_rdm_2_pct_dev,pred_epgrp_cumul_rdm_2_pct_dev_since_total_variance,pred_epgrp_cumul_rdm_2_pct_dev_since_vhm,pred_epgrp_cumul_rdm_2_var_pct_dev_since,pred_epgrp_cumul_rdm_3_pct_dev,pred_epgrp_cumul_rdm_3_pct_dev_since_total_variance,pred_epgrp_cumul_rdm_3_pct_dev_since_vhm,pred_epgrp_cumul_rdm_3_var_pct_dev_since,pred_epgrp_cumul_rdm_4_pct_dev,pred_epgrp_cumul_rdm_4_pct_dev_since_total_variance,pred_epgrp_cumul_rdm_4_pct_dev_since_vhm,pred_epgrp_cumul_rdm_4_var_pct_dev_since,pred_epgrp_cumul_rdm_5_pct_dev,pred_epgrp_cumul_rdm_5_pct_dev_since_total_variance,pred_epgrp_cumul_rdm_5_pct_dev_since_vhm,pred_epgrp_cumul_rdm_5_var_pct_dev_since,tenant_id
900,2015-07-31,0,tsl_man_dim: 01 | em_age: 03,1.0,3.0,0.0,0.0,0.0,0.0,0.0,0.0,0.0,0.0,0.0,0.0,0.0,0.0,0.0,0.0,0.0,0.0,0.0,0.0,0.0,0.0,0.0,0.0,0.0,0.0,16377708.0,2493569565912.0,0.0,0.0,0.0,0.0,0.0,0.0,0.0,0.0,0.0,0.0,0.0,0.0,0.0,0.0,0.0,0.0,0.0,0.0,0.0,0.0,0.0,0.0,0.0,0.0,8e1b3d5b-7c9a-4e2f-b1d3-a5c7e9f12345
900,2015-07-31,1,tsl_man_dim: 01 | em_age: 03,1.0,3.0,0.0,0.0,0.0,0.0,0.0305228912372842,0.0184223351521462,0.0,0.0,0.0,0.0,0.0,0.0,0.0,0.0,1.0,1.0,1.0,1.0,1.0,1.0,1.0,1.0,1.0,1.0,16377708.0,2493569565912.0,0.0,0.0,0.0,0.0,1.1459968390914456e-11,0.0,0.0,0.0,0.0039021354168653,10560.696997942505,0.0,0.0693624168634414,0.0005914521170780063,2410.2859451719655,0.0,0.0158307030797004,0.0,157.47362812536946,0.0,0.0010342831956222,1.0524844884507443e-11,169.97263236180652,0.0,0.0011163763701915,8e1b3d5b-7c9a-4e2f-b1d3-a5c7e9f12345
900,2015-07-31,2,tsl_man_dim: 01 | em_age: 03,1.0,3.0,0.0,0.0,0.0,0.0,0.0351060111707938,0.0459747456133873,0.0028445372209591,0.0021052631578947,0.0,0.0,0.0,0.0,0.0,0.0,1.0,1.0,1.0,1.0,1.0,1.0,1.0,1.0,1.0,1.0,16377708.0,2493569565912.0,0.0,0.0,0.0,0.0,1.1459968390914456e-11,0.0,0.0,0.0,0.0036315517500042,11173.189486317606,0.0,0.0733852535486221,0.0004623829445336014,2242.8180233949915,0.0,0.0147307775914669,0.0,114.1118275701152,0.0,0.0007494838791899383,1.0524844884507443e-11,135.8611229732039,0.0,0.0008923327550292015,8e1b3d5b-7c9a-4e2f-b1d3-a5c7e9f12345
900,2015-07-31,3,tsl_man_dim: 01 | em_age: 03,1.0,3.0,0.0,0.0,0.0,0.0,0.0180119220589352,0.0609372790745047,0.0,0.0021052631578947,0.0,0.0,0.004622136381965,0.0042016433488785,0.0,0.0,1.0,1.0,1.0,1.0,1.0,1.0,1.0,1.0,1.0,1.0,16377708.0,2493569565912.0,0.0,0.0,0.0,0.0,1.1459968390914456e-11,0.0,0.0,0.0,0.003822143189609,12527.510775264233,0.0,0.0822804048657417,0.0005657389992848039,2528.8774119609893,0.0,0.0166096091270446,0.0,135.10551082004838,0.0,0.0008873699116520584,1.0524844884507443e-11,151.99668295847715,0.0,0.0009983107447624209,8e1b3d5b-7c9a-4e2f-b1d3-a5c7e9f12345
900,2015-07-31,4,tsl_man_dim: 01 | em_age: 03,1.0,3.0,0.0,0.0,0.0,0.0,0.0394157106720916,0.0770905822495739,0.0009330975982719926,0.0062891405729513,0.0,0.0,0.0,0.0042016433488785,0.0,0.0,1.0,1.0,1.0,1.0,1.0,1.0,1.0,1.0,1.0,1.0,16377708.0,2493569565912.0,0.0,0.0,0.0,0.0,1.1459968390914456e-11,0.0,0.0,0.0,0.0032362234778702,10426.682503476222,0.0,0.0684822127223014,0.0002990641223732382,1336.3952522542263,0.0,0.0087774135172367,0.0,79.57265699922908,0.0,0.0005226313951425254,1.0524844884507443e-11,80.66588893853078,0.0,0.000529811717569828,8e1b3d5b-7c9a-4e2f-b1d3-a5c7e9f12345
900,2015-07-31,5,tsl_man_dim: 01 | em_age: 03,1.0,3.0,0.0,0.0,0.0,0.0,0.0048962895174343,0.0874597175219606,0.0146993706323253,0.0104374861203641,0.0,0.0,0.0,0.0042016433488785,0.0,0.0,1.0,1.0,1.0,1.0,1.0,1.0,1.0,1.0,1.0,1.0,16377708.0,2493569565912.0,0.0,0.0,0.0,0.0,1.1459968390914456e-11,0.0,0.0,0.0,0.0036441129632294,14805.135541063986,0.0,0.0972397923469543,0.0004942483501508832,2736.650415003542,0.0,0.0179742574691772,0.0,116.15846141444167,0.0,0.0007629261235706508,1.0524844884507443e-11,136.38506464049084,0.0,0.0008957739919424057,8e1b3d5b-7c9a-4e2f-b1d3-a5c7e9f12345
900,2015-07-31,6,tsl_man_dim: 01 | em_age: 03,1.0,3.0,0.0,0.0,0.0,0.0,0.0429529577642976,0.1040309722897297,0.0016083447085514,0.0124983344437042,0.0,0.0,0.0,0.0042016433488785,0.0,0.0,1.0,1.0,1.0,1.0,1.0,1.0,1.0,1.0,1.0,1.0,16377708.0,2493569565912.0,0.0,0.0,0.0,0.0,1.1459968390914456e-11,0.0,0.0,0.0,0.0033662025816738,15037.76847728888,0.0,0.0987677201628685,0.0004090135043952614,2338.3169207205015,0.0,0.0153580121695995,0.0,87.93991325744354,0.0,0.0005775873432867229,1.0524844884507443e-11,115.25851715720236,0.0,0.0007570153102278709,8e1b3d5b-7c9a-4e2f-b1d3-a5c7e9f12345
900,2015-07-31,7,tsl_man_dim: 01 | em_age: 03,1.0,3.0,0.0,0.0,0.0,0.0,0.0267917220162919,0.1181856079098364,0.0210837194068913,0.0306462358427716,0.0,0.0,0.0,0.0042016433488785,0.0,0.0,1.0,1.0,1.0,1.0,1.0,1.0,1.0,1.0,1.0,1.0,16377708.0,2493569565912.0,0.0,0.0,0.0,0.0,1.1459968390914456e-11,0.0,0.0,0.0,0.0036037685349583,16153.961894289176,0.0,0.1060988530516624,0.0004943966632708907,2638.5537879501035,0.0,0.0173299610614776,0.0,122.10402950898622,0.0,0.0008019764791242778,1.0524844884507443e-11,152.23164137327944,0.0,0.0009998539462685585,8e1b3d5b-7c9a-4e2f-b1d3-a5c7e9f12345
900,2015-07-31,8,tsl_man_dim: 01 | em_age: 03,1.0,3.0,0.0,0.0,0.0,0.0,0.0242499744164445,0.1301634644888753,0.0,0.0306462358427715,0.0,0.0,0.0,0.0042016433488785,0.0,0.0,1.0,1.0,1.0,1.0,1.0,1.0,1.0,1.0,1.0,1.0,16377708.0,2493569565912.0,0.0,0.0,0.0,0.0,1.1459968390914456e-11,0.0,0.0,0.0,0.0034397048875689,18222.514792182417,0.0,0.119685061275959,0.0004355517739895731,3154.198034234905,0.0,0.0207167007029056,0.0,104.28540440331714,0.0,0.0006849441560916603,1.0524844884507443e-11,135.9571198632589,0.0,0.0008929632604122162,8e1b3d5b-7c9a-4e2f-b1d3-a5c7e9f12345
900,2015-07-31,9,tsl_man_dim: 01 | em_age: 03,1.0,3.0,0.0,0.0,0.0,0.0,0.0179684483323307,0.1415728111856133,0.0039829749071115,0.0345813901843213,0.0,0.0,0.0,0.0042016433488785,0.0,0.0,1.0,1.0,1.0,1.0,1.0,1.0,1.0,1.0,1.0,1.0,16377708.0,2493569565912.0,0.0,0.0,0.0,0.0,1.1459968390914456e-11,0.0,0.0,0.0,0.0034035420976579,18370.276835370427,0.0,0.1206555590033531,0.0004677143006119877,2830.8130129318897,0.0,0.0185927152633667,0.0,100.5212486523565,0.0,0.0006602212670259178,1.0524844884507443e-11,145.10178077394986,0.0,0.000953025184571743,8e1b3d5b-7c9a-4e2f-b1d3-a5c7e9f12345
900,2015-07-31,10,tsl_man_dim: 01 | em_age: 03,1.0,3.0,0.0,0.0,0.0,0.0,0.0204121358128988,0.1497567365979061,0.0,0.0345813901843213,0.0,0.0,0.0,0.0042016433488785,0.0,0.0,1.0,1.0,1.0,1.0,1.0,1.0,1.0,1.0,1.0,1.0,16377708.0,2493569565912.0,0.0,0.0,0.0,0.0,1.1459968390914456e-11,0.0,0.0,0.0,0.0034647341817617,20574.39605928794,0.0,0.1351321637630462,0.0004783988988492638,3503.926757490624,0.0,0.0230137109756469,0.0,109.89633045867436,0.0,0.0007217965903691947,1.0524844884507443e-11,157.7313982088388,0.0,0.0010359762236475,8e1b3d5b-7c9a-4e2f-b1d3-a5c7e9f12345
900,2015-07-31,11,tsl_man_dim: 01 | em_age: 03,1.0,3.0,0.0,0.0,0.0,0.0,0.0060812538604302,0.1576208752014054,0.0016377749560561,0.0384810126582277,0.0,0.0,0.0,0.0042016433488785,0.0,0.0,1.0,1.0,1.0,1.0,1.0,1.0,1.0,1.0,1.0,1.0,16377708.0,2493569565912.0,0.0,0.0,0.0,0.0,1.1459968390914456e-11,0.0,0.0,0.0,0.0031500877812504,20876.998675577623,0.0,0.1371196508407592,0.00035007382393814623,2956.901879373452,0.0,0.0194208640605211,0.0,69.76686536493177,0.0,0.00045822717947885394,1.0524844884507443e-11,116.3385885184269,0.0,0.000764109194278717,8e1b3d5b-7c9a-4e2f-b1d3-a5c7e9f12345
900,2015-07-31,12,tsl_man_dim: 01 | em_age: 03,1.0,3.0,0.0,0.0,0.0,0.0,0.00013432893051945974,0.158900474584468,0.0057974534654055,0.0461736620031089,0.0,0.0,0.0,0.0042016433488785,0.0,0.0,1.0,1.0,1.0,1.0,1.0,1.0,1.0,1.0,1.0,1.0,16377708.0,2493569565912.0,0.0,0.0,0.0,0.0,1.1459968390914456e-11,0.0,0.0,0.0,0.0027087391354143,26193.221935529557,0.0,0.1720364838838577,0.0003188356349710375,4307.847821243462,0.0,0.0282938461750745,0.0,92.0693393020256,0.0,0.0006047093193046749,1.0524844884507443e-11,155.30907195653486,0.0,0.0010200664401054,8e1b3d5b-7c9a-4e2f-b1d3-a5c7e9f12345
900,2015-07-31,13,tsl_man_dim: 01 | em_age: 03,1.0,3.0,0.0,0.0,0.0,0.0,0.0817345137671278,0.1676089471923924,0.0038946841645973,0.0537241838774153,0.0,0.0,0.0,0.0042016433488785,0.0,0.0,1.0,1.0,1.0,1.0,1.0,1.0,1.0,1.0,1.0,1.0,16377708.0,2493569565912.0,0.0,0.0,0.0,0.0,1.1459968390914456e-11,0.0,0.0,0.0,0.0027994457632303,28543.4390674775,0.0,0.1874726563692093,0.0004789926169905811,6547.9742449825835,0.0,0.0430069454014301,0.0,188.44141661151323,0.0,0.0012376789236441,1.0524844884507443e-11,257.6258754380638,0.0,0.0016920808702707,8e1b3d5b-7c9a-4e2f-b1d3-a5c7e9f12345
900,2015-07-31,14,tsl_man_dim: 01 | em_age: 03,1.0,3.0,0.0,0.0,0.0,0.0,0.0180691339716155,0.1747269165753728,0.0,0.0537241838774152,0.0,0.0,0.0,0.0042016433488785,0.0,0.0,1.0,1.0,1.0,1.0,1.0,1.0,1.0,1.0,1.0,1.0,16377708.0,2493569565912.0,0.0,0.0,0.0,0.0,1.1459968390914456e-11,0.0,0.0,0.0,0.0021226112730801,29422.27712517108,0.0,0.1932448446750641,0.0003146474773529917,7347.006415418853,0.0,0.0482549704611301,0.0,161.91890804380313,0.0,0.0010634796926751,1.0524844884507443e-11,242.3425182729244,0.0,0.0015917001292109,8e1b3d5b-7c9a-4e2f-b1d3-a5c7e9f12345
900,2015-07-31,15,tsl_man_dim: 01 | em_age: 03,1.0,3.0,0.0,0.0,0.0,0.0,0.0138108458155439,0.1815250991495577,0.00011002760581639384,0.0555896069287143,0.0,0.0,0.0,0.0042016433488785,0.0,0.0,1.0,1.0,1.0,1.0,1.0,1.0,1.0,1.0,1.0,1.0,16377708.0,2493569565912.0,0.0,0.0,0.0,0.0,1.1459968390914456e-11,0.0,0.0,0.0,0.0019371876260265,30896.256197912957,0.0,0.202925905585289,0.00033344366238452494,8504.227513613416,0.0,0.0558555722236633,0.0,191.14981926808008,0.0,0.0012554676504805,1.0524844884507443e-11,278.77397613743557,0.0,0.0018309811130166,8e1b3d5b-7c9a-4e2f-b1d3-a5c7e9f12345
900,2015-07-31,16,tsl_man_dim: 01 | em_age: 03,1.0,3.0,0.0,0.0,0.0,0.0,0.0007358172462227315,0.183720096272332,0.0,0.0555896069287145,0.0,0.0,0.0,0.0042016433488785,0.0,0.0,1.0,1.0,1.0,1.0,1.0,1.0,1.0,1.0,1.0,1.0,16377708.0,2493569565912.0,0.0,0.0,0.0,0.0,1.1459968390914456e-11,0.0,0.0,0.0,0.0010143060935661,29178.916359235696,0.0,0.1916464567184448,4.839677785639651e-05,6926.831572584921,0.0,0.0454952716827392,0.0,134.9043711028504,0.0,0.0008860488305799663,1.0524844884507443e-11,219.0096020905872,0.0,0.0014384500682353,8e1b3d5b-7c9a-4e2f-b1d3-a5c7e9f12345
900,2015-07-31,17,tsl_man_dim: 01 | em_age: 03,1.0,3.0,0.1866324030200074,0.1525827226293583,0.0,0.0,0.0091799169944903,0.1869459697046611,0.0,0.0555896069287146,0.0,0.0,0.0,0.0042016433488785,1.0,1.0,1.0,1.0,1.0,1.0,1.0,1.0,1.0,1.0,1.0,1.0,16377708.0,2493569565912.0,0.0271224863827228,32970.841727549916,0.0,0.2165517359972,1.1459968390914456e-11,0.0,0.0,0.0,0.0010500930948182,33184.9037321696,0.0,0.2179576903581619,0.00013842586486134678,10193.95541372844,0.0,0.0669536665081977,0.0,173.0277475675547,0.0,0.0011364422971382,1.0524844884507443e-11,285.13430184410845,0.0,0.0018727555871009,8e1b3d5b-7c9a-4e2f-b1d3-a5c7e9f12345
900,2015-07-31,18,tsl_man_dim: 01 | em_age: 03,1.0,3.0,0.0,0.1525827226293583,0.0,0.0,0.0167191892784997,0.2000009260193493,0.00030419396902179474,0.0574461470131021,0.0,0.0,0.0,0.0042016433488785,0.0,0.0,1.0,1.0,1.0,1.0,1.0,1.0,1.0,1.0,1.0,1.0,16377708.0,2493569565912.0,0.0,0.0,0.0,0.0,1.1459968390914456e-11,0.0,0.0,0.0,0.0007833102135919034,32654.58798482097,0.0,0.2144745886325836,4.935045217280276e-05,9528.846987374942,0.0,0.06258524954319,0.0,143.37372154251184,0.0,0.0009416753309778868,1.0524844884507443e-11,261.8277599919784,0.0,0.0017196787521243,8e1b3d5b-7c9a-4e2f-b1d3-a5c7e9f12345
900,2015-07-31,19,tsl_man_dim: 01 | em_age: 03,1.0,3.0,0.002561103177563,0.1577881412391732,0.0,0.0,0.0220013081195488,0.2072885760694078,0.0151877173533683,0.0629624694648014,0.0,0.0,0.0,0.0042016433488785,1.0,1.0,1.0,1.0,1.0,1.0,1.0,1.0,1.0,1.0,1.0,1.0,16377708.0,2493569565912.0,0.0029191689100116,35028.50911694131,0.0,0.2300664484500885,1.1459968390914456e-11,0.0,0.0,0.0,0.0009988051606342196,32694.90838021377,0.0,0.2147394120693206,0.00013855881115887314,9695.522544865908,0.0,0.0636799708008766,0.0,177.82815926020226,0.0,0.0011679712915793,1.0524844884507443e-11,298.04978298704896,0.0,0.0019575841724872,8e1b3d5b-7c9a-4e2f-b1d3-a5c7e9f12345
900,2015-07-31,20,tsl_man_dim: 01 | em_age: 03,1.0,3.0,0.008013209174324,0.16655562958028,0.0,0.0,0.0239653192009529,0.2194206081211288,0.00027696183128921335,0.0647834776815454,0.0,0.0,0.0,0.0042016433488785,1.0,1.0,1.0,1.0,1.0,1.0,1.0,1.0,1.0,1.0,1.0,1.0,16377708.0,2493569565912.0,0.0023260710295289,33631.6701389412,0.0,0.2208920419216156,1.1459968390914456e-11,0.0,0.0,0.0,0.0008143064915202558,33661.89228540909,0.0,0.2210905402898788,6.462833698606119e-05,10527.042218218405,0.0,0.0691413730382919,0.0,157.80982993677335,0.0,0.0010364913614466,1.0524844884507443e-11,282.26970926967516,0.0,0.0018539410084486,8e1b3d5b-7c9a-4e2f-b1d3-a5c7e9f12345
900,2015-07-31,21,tsl_man_dim: 01 | em_age: 03,1.0,3.0,0.0097475788431445,0.1771447113075368,0.0,0.0,0.0241155233687155,0.2257404669257785,0.0008501189543738355,0.0665956029313793,0.0,0.0,0.0,0.0042016433488785,1.0,1.0,1.0,1.0,1.0,1.0,1.0,1.0,1.0,1.0,1.0,1.0,16377708.0,2493569565912.0,0.0021801346447318,33239.81678923055,0.0,0.2183183580636978,1.1459968390914456e-11,0.0,0.0,0.0,0.0007816049619577825,32980.654112766766,0.0,0.2166161835193634,0.00010312036465620622,9849.784584272717,0.0,0.0646931603550911,0.0,153.04586019500343,0.0,0.0010052017169073,1.0524844884507443e-11,289.70457623607757,0.0,0.0019027730450034,8e1b3d5b-7c9a-4e2f-b1d3-a5c7e9f12345
900,2015-07-31,22,tsl_man_dim: 01 | em_age: 03,1.0,3.0,0.020606363234709,0.1849141423194211,0.0,0.0,0.014995199572492,0.2295539726178843,0.0,0.0665956029313792,0.0,0.0,0.0,0.0042016433488785,1.0,1.0,1.0,1.0,1.0,1.0,1.0,1.0,1.0,1.0,1.0,1.0,16377708.0,2493569565912.0,0.002547358861193,33641.63453105042,0.0,0.2209574878215789,1.1459968390914456e-11,0.503992500512429,0.0,3.3102112411143025e-06,0.0008309212862513959,33810.74787071838,0.0,0.2220682203769683,8.749160770094022e-05,10772.97916066563,0.0,0.0707566812634468,0.0,162.80060473857725,0.0,0.0010692706564441,1.0524844884507443e-11,300.83610335570626,0.0,0.0019758846610784,8e1b3d5b-7c9a-4e2f-b1d3-a5c7e9f12345
900,2015-07-31,23,tsl_man_dim: 01 | em_age: 03,1.0,3.0,0.0016760587012541,0.1859885291677595,0.0,0.0,0.001643392347696,0.2319186504077379,0.0,0.0665956029313793,0.0,0.0,0.0,0.0042016433488785,1.0,1.0,1.0,1.0,1.0,1.0,1.0,1.0,1.0,1.0,1.0,1.0,16377708.0,2493569565912.0,0.0015316418139263,33763.84807252122,0.0,0.2217601835727691,1.1459968390914456e-11,0.0,0.0,0.0,0.0005326801328919828,33504.873703103214,0.0,0.2200592458248138,1.3496233297605187e-10,9908.32992543359,0.0,0.0650776848196983,0.0,119.37052869948032,0.0,0.0007840229081921279,1.0524844884507443e-11,257.91783643750733,0.0,0.0016939984634518,8e1b3d5b-7c9a-4e2f-b1d3-a5c7e9f12345
900,2015-07-31,24,tsl_man_dim: 01 | em_age: 03,1.0,3.0,0.0020271456787482,0.188110653963707,0.0,0.0,0.010162288886821,0.2351991780851875,0.0010901403297701,0.0701932045303128,0.0,0.0,0.0,0.0042016433488785,1.0,1.0,1.0,1.0,1.0,1.0,1.0,1.0,1.0,1.0,1.0,1.0,16377708.0,2493569565912.0,0.0013418606249615,32781.14393214265,0.0,0.2153058052062988,1.1459968390914456e-11,0.0,0.0,0.0,0.0004474287270568311,33522.83547275912,0.0,0.2201772183179855,1.3496233297605187e-10,9997.901688336206,0.0,0.065665990114212,0.0,117.755030075556,0.0,0.0007734123500995338,1.0524844884507443e-11,260.75761445395005,0.0,0.0017126500606536,8e1b3d5b-7c9a-4e2f-b1d3-a5c7e9f12345
900,2015-07-31,25,tsl_man_dim: 01 | em_age: 03,1.0,3.0,0.0,0.1881106539637067,0.0,0.0,0.0067265822543667,0.2372085371986023,0.0,0.0701932045303128,0.0,0.0,0.0,0.0042016433488785,1.0,1.0,1.0,1.0,1.0,1.0,1.0,1.0,1.0,1.0,1.0,1.0,16377708.0,2493569565912.0,0.0027897411491721,34883.78040532207,0.0,0.2291158735752105,1.1459968390914456e-11,0.0,0.0,0.0,0.0009107542573474348,33689.686859118134,0.0,0.2212730944156646,0.00014829066640231758,10832.808619753152,0.0,0.0711496397852897,0.0,193.90671666083423,0.0,0.0012735748896375,1.0524844884507443e-11,336.7937449600714,0.0,0.002212053630501,8e1b3d5b-7c9a-4e2f-b1d3-a5c7e9f12345
900,2015-07-31,26,tsl_man_dim: 01 | em_age: 03,1.0,3.0,0.0,0.188110653963707,0.0,0.0,0.0018186916020239,0.2376886695596793,0.0,0.0701932045303129,0.0,0.0,0.0,0.0042016433488785,1.0,1.0,1.0,1.0,1.0,1.0,1.0,1.0,1.0,1.0,1.0,1.0,16377708.0,2493569565912.0,0.0020685920026153,34678.584713171156,0.0,0.2277681529521942,1.1459968390914456e-11,0.0,0.0,0.0,0.0006101466133259237,33637.496313562435,0.0,0.2209303081035614,2.404874612693675e-05,10557.066982602166,0.0,0.0693385750055313,0.0,148.86333099632148,0.0,0.000977730960585177,1.0524844884507443e-11,298.86426767903714,0.0,0.0019629336893558,8e1b3d5b-7c9a-4e2f-b1d3-a5c7e9f12345
900,2015-07-31,27,tsl_man_dim: 01 | em_age: 03,1.0,3.0,0.00019093025715197752,0.1891583919113141,0.0,0.0,0.0053282180876591,0.2381599189538433,0.0015875237243208,0.0719786808794138,0.0,0.0,0.0,0.0042016433488785,1.0,1.0,1.0,1.0,1.0,1.0,1.0,1.0,1.0,1.0,1.0,1.0,16377708.0,2493569565912.0,0.0023383514489978,35053.574372866344,0.0,0.2302310764789581,1.1459968390914456e-11,0.0,0.0,0.0,0.0007901302888058126,33844.994796694875,0.0,0.2222931534051895,8.756681199884042e-05,10845.252766091746,0.0,0.071231372654438,0.0,168.01527775219333,0.0,0.0011035205097869,1.0524844884507443e-11,315.2162106099883,0.0,0.0020703328773379,8e1b3d5b-7c9a-4e2f-b1d3-a5c7e9f12345
900,2015-07-31,28,tsl_man_dim: 01 | em_age: 03,1.0,3.0,0.0023751797260031,0.1922483079526687,0.0,0.0,0.004046842207713,0.2403829214210057,0.0074812055508621,0.0772818121252501,0.0,0.0,0.0,0.0042016433488785,1.0,1.0,1.0,1.0,1.0,1.0,1.0,1.0,1.0,1.0,1.0,1.0,16377708.0,2493569565912.0,0.000842384819407016,33656.249880314455,0.0,0.2210534811019897,1.1459968390914456e-11,0.0,0.0,0.0,0.00022159976651892063,31259.450576511634,0.0,0.2053113579750061,1.3496233297605187e-10,8432.97314843208,0.0,0.0553875751793384,0.0,108.97188182541932,0.0,0.0007157248328439891,1.0524844884507443e-11,238.9661786139881,0.0,0.0015695244073867,8e1b3d5b-7c9a-4e2f-b1d3-a5c7e9f12345
900,2015-07-31,29,tsl_man_dim: 01 | em_age: 03,1.0,3.0,0.0025717884333998,0.1942638371456836,0.0,0.0,0.0,0.2403829214210057,0.0013517153926544,0.0807728181212527,0.0,0.0,0.0,0.0042016433488785,1.0,1.0,1.0,1.0,1.0,1.0,1.0,1.0,1.0,1.0,1.0,1.0,16377708.0,2493569565912.0,0.0019167902646586,34302.98929466605,0.0,0.2253012508153915,1.1459968390914456e-11,0.0,0.0,0.0,0.0005644782795570791,34064.66517501538,0.0,0.2237359434366226,2.986229446833022e-05,11033.90126018969,0.0,0.072470411658287,0.0,146.1342347708589,0.0,0.000959806318860501,1.0524844884507443e-11,295.8045617800607,0.0,0.0019428376108407,8e1b3d5b-7c9a-4e2f-b1d3-a5c7e9f12345
900,2015-07-31,30,tsl_man_dim: 01 | em_age: 03,1.0,3.0,0.0014794499938575,0.1962438344710545,0.0,0.0,0.003011166153408,0.2412099416394938,0.0,0.0807728181212526,0.0001339015202859887,0.0021052631578947,0.0,0.0042016433488785,1.0,1.0,1.0,1.0,1.0,1.0,1.0,1.0,1.0,1.0,1.0,1.0,16377708.0,2493569565912.0,0.0012603903887793,33527.67927447888,0.0,0.2202090322971344,1.1459968390914456e-11,0.0,0.0,0.0,0.0002929800539277494,33655.714453051754,0.0,0.221049964427948,1.3496233297605187e-10,10342.603407535456,0.0,0.067929983139038,0.0,116.46715451584456,0.0,0.0007649536128155887,1.0524844884507443e-11,271.40887352835523,0.0,0.0017826072871685,8e1b3d5b-7c9a-4e2f-b1d3-a5c7e9f12345
900,2015-07-31,31,tsl_man_dim: 01 | em_age: 03,1.0,3.0,0.0018775520970333,0.1981882999287826,0.0,0.0,0.0013246664307362,0.2420014299903396,0.0,0.0807728181212527,0.0,0.0021052631578947,0.0,0.0042016433488785,1.0,1.0,1.0,1.0,1.0,1.0,1.0,1.0,1.0,1.0,1.0,1.0,16377708.0,2493569565912.0,0.0020098404493182,35114.28184191431,0.0,0.2306298017501831,1.1459968390914456e-11,0.0,0.0,0.0,0.0005018030642531812,33593.04223820083,0.0,0.2206383347511291,2.5315111997770146e-05,10479.453851486374,0.0,0.0688288137316703,0.0,150.78624654438062,0.0,0.0009903606260195374,1.0524844884507443e-11,307.80927774600957,0.0,0.0020216843113303,8e1b3d5b-7c9a-4e2f-b1d3-a5c7e9f12345
900,2015-07-31,32,tsl_man_dim: 01 | em_age: 03,1.0,3.0,0.0039318688549093,0.2000972335188663,0.0,0.0,0.0005506264979202218,0.2423838497153946,0.0007016854861498325,0.0825049966688873,0.0,0.0021052631578947,0.0,0.0042016433488785,1.0,1.0,1.0,1.0,1.0,1.0,1.0,1.0,1.0,1.0,1.0,1.0,16377708.0,2493569565912.0,0.001415258157067,33749.51178068648,0.0,0.2216660231351852,1.1459968390914456e-11,0.0,0.0,0.0,0.00032182777067646384,34437.283980941414,0.0,0.2261832952499389,1.3496233297605187e-10,11284.780695398747,0.0,0.0741181820631027,0.0,130.65689866097026,0.0,0.000858151528518647,1.0524844884507443e-11,291.62862616393056,0.0,0.0019154101610183,8e1b3d5b-7c9a-4e2f-b1d3-a5c7e9f12345
900,2015-07-31,33,tsl_man_dim: 01 | em_age: 03,1.0,3.0,0.0038871128976044,0.2038085050961034,0.0,0.0,0.0,0.2423838497153942,0.0,0.0825049966688873,0.0,0.0021052631578947,0.0,0.0042016433488785,1.0,1.0,1.0,1.0,1.0,1.0,1.0,1.0,1.0,1.0,1.0,1.0,16377708.0,2493569565912.0,0.0012657026527449,33363.37797389646,0.0,0.2191299051046371,1.1459968390914456e-11,0.0,0.0,0.0,0.00026790419360622764,33799.39953526065,0.0,0.2219936847686767,1.3496233297605187e-10,10567.491932907698,0.0,0.069407045841217,0.0,125.75673244520056,0.0,0.0008259673486463726,1.0524844884507443e-11,298.3923656847933,0.0,0.0019598342478275,8e1b3d5b-7c9a-4e2f-b1d3-a5c7e9f12345
900,2015-07-31,34,tsl_man_dim: 01 | em_age: 03,1.0,3.0,0.0008969509042413016,0.205610843083255,0.0,0.0,0.000961489849495424,0.2431220402647739,0.0,0.0825049966688874,0.0,0.0021052631578947,0.0,0.0042016433488785,1.0,1.0,1.0,1.0,1.0,1.0,1.0,1.0,1.0,1.0,1.0,1.0,16377708.0,2493569565912.0,0.0016454363940283,33762.668317535616,0.0,0.2217524349689483,1.1459968390914456e-11,0.328518126150424,0.0,2.157699555027648e-06,0.0003113187267445028,34491.57086035616,0.0,0.2265398502349853,1.3496233297605187e-10,11446.028245576115,0.0,0.075177252292633,0.0,135.2573759149508,0.0,0.0008883673581294715,1.0524844884507443e-11,309.40882415408277,0.0,0.0020321900956332,8e1b3d5b-7c9a-4e2f-b1d3-a5c7e9f12345
900,2015-07-31,35,tsl_man_dim: 01 | em_age: 03,1.0,3.0,0.0029843003673041,0.2073776492027638,0.0,0.0,0.0,0.2431220402647742,0.0,0.0825049966688873,0.0,0.0021052631578947,0.0,0.0042016433488785,1.0,1.0,1.0,1.0,1.0,1.0,1.0,1.0,1.0,1.0,1.0,1.0,16377708.0,2493569565912.0,0.0006398314726538956,33895.26370287978,0.0,0.2226233184337616,1.1459968390914456e-11,0.0,0.0,0.0,1.2348343261692207e-05,34334.97880485277,0.0,0.2255113571882248,1.3496233297605187e-10,10541.764199183055,0.0,0.0692380666732788,0.0,91.2551382049859,0.0,0.0005993616650812328,1.0524844884507443e-11,266.4519174241556,0.0,0.001750050112605,8e1b3d5b-7c9a-4e2f-b1d3-a5c7e9f12345
900,2015-07-31,36,tsl_man_dim: 01 | em_age: 03,1.0,3.0,0.0042308728425247,0.2116392125805934,0.0,0.0,0.0069425465394791,0.2451234207070471,0.0,0.0825049966688876,0.0,0.0021052631578947,0.0,0.0042016433488785,1.0,1.0,1.0,1.0,1.0,1.0,1.0,1.0,1.0,1.0,1.0,1.0,16377708.0,2493569565912.0,0.00046728161396458745,32909.08155405325,0.0,0.2161460965871811,1.1459968390914456e-11,0.0,0.0,0.0,0.0,34329.5088254868,0.0,0.2254754304885864,1.3496233297605187e-10,10591.202739358863,0.0,0.0695627778768539,0.0,88.23272504173245,0.0,0.0005795105244033039,1.0524844884507443e-11,268.7419466330012,0.0,0.0017650909721851,8e1b3d5b-7c9a-4e2f-b1d3-a5c7e9f12345
900,2015-07-31,37,tsl_man_dim: 01 | em_age: 03,1.0,3.0,0.0068853956854035,0.2156787017856488,0.0,0.0,0.0009003701861090697,0.2457194837858503,0.0,0.0825049966688873,0.0,0.0021052631578947,0.0,0.0042016433488785,1.0,1.0,1.0,1.0,1.0,1.0,1.0,1.0,1.0,1.0,1.0,1.0,16377708.0,2493569565912.0,0.0019252243218943,35002.00546743768,0.0,0.2298923730850219,1.1459968390914456e-11,0.0,0.0,0.0,0.0003854538663290441,34408.15083907562,0.0,0.2259919494390487,3.583719444577582e-05,11376.718774551346,0.0,0.0747220292687416,0.0,162.89617623620956,0.0,0.0010698983678594,1.0524844884507443e-11,344.9856686413981,0.0,0.0022658579982817,8e1b3d5b-7c9a-4e2f-b1d3-a5c7e9f12345
900,2015-07-31,38,tsl_man_dim: 01 | em_age: 03,1.0,3.0,0.0006132726264261153,0.2164599507259272,0.0,0.0,0.0,0.2457194837858501,0.0,0.0825049966688873,0.0,0.0021052631578947,0.0,0.0042016433488785,1.0,1.0,1.0,1.0,1.0,1.0,1.0,1.0,1.0,1.0,1.0,1.0,16377708.0,2493569565912.0,0.0012258290080353,34799.74555019326,0.0,0.2285639345645904,1.1459968390914456e-11,0.0,0.0,0.0,8.5338884673547e-05,34420.36130317668,0.0,0.226072147488594,1.3496233297605187e-10,11065.370090051032,0.0,0.0726770982146263,0.0,116.36853437251628,0.0,0.0007643058779649436,1.0524844884507443e-11,306.85370456716066,0.0,0.0020154081284999,8e1b3d5b-7c9a-4e2f-b1d3-a5c7e9f12345
900,2015-07-31,39,tsl_man_dim: 01 | em_age: 03,1.0,3.0,0.0005967868031350907,0.217995799705752,0.0,0.0,0.0036381159073052,0.2462800149970108,0.0012362535710125,0.0842282922496112,0.0,0.0021052631578947,0.0,0.0042016433488785,1.0,1.0,1.0,1.0,1.0,1.0,1.0,1.0,1.0,1.0,1.0,1.0,16377708.0,2493569565912.0,0.0015087852953001,35170.69228030315,0.0,0.2310003042221069,1.1459968390914456e-11,0.0,0.0,0.0,0.0002595325349830091,34605.97533132606,0.0,0.2272912561893463,1.3496233297605187e-10,11325.804406263736,0.0,0.0743876248598098,0.0,134.02154002828243,0.0,0.0008802504162304103,1.0524844884507443e-11,323.0100378824089,0.0,0.0021215225569903,8e1b3d5b-7c9a-4e2f-b1d3-a5c7e9f12345
900,2015-07-31,40,tsl_man_dim: 01 | em_age: 03,1.0,3.0,0.0021630010743872,0.2202329509236547,0.0,0.0,0.0,0.2462800149970108,0.0005630824532956626,0.0859427048634245,0.0,0.0021052631578947,0.0,0.0042016433488785,1.0,1.0,1.0,1.0,1.0,1.0,1.0,1.0,1.0,1.0,1.0,1.0,16377708.0,2493569565912.0,1.4474444469669834e-05,33786.44264925524,0.0,0.2219085842370987,1.1459968390914456e-11,0.0,0.0,0.0,0.0,32363.58780506284,0.0,0.2125633060932159,1.3496233297605187e-10,8878.689119514564,0.0,0.0583150275051593,0.0,73.60064367574027,0.0,0.00048340734792873263,1.0524844884507443e-11,246.4844224952389,0.0,0.0016189040616154,8e1b3d5b-7c9a-4e2f-b1d3-a5c7e9f12345
900,2015-07-31,41,tsl_man_dim: 01 | em_age: 03,1.0,3.0,0.0031689415881636,0.2223901554393605,0.0,0.0,0.0045784184209414,0.2470541895619169,0.0,0.0859427048634246,0.0,0.0021052631578947,0.0,0.0042016433488785,1.0,1.0,1.0,1.0,1.0,1.0,1.0,1.0,1.0,1.0,1.0,1.0,16377708.0,2493569565912.0,0.0011206417111679,34435.30789134052,0.0,0.2261703163385391,1.1459968390914456e-11,0.0,0.0,0.0,4.8901823902269825e-05,34837.10975184327,0.0,0.2288093417882919,1.3496233297605187e-10,11454.24115528363,0.0,0.0752311944961547,0.0,108.87616853031278,0.0,0.0007150961901061237,1.0524844884507443e-11,303.8363961129795,0.0,0.0019955905154347,8e1b3d5b-7c9a-4e2f-b1d3-a5c7e9f12345
900,2015-07-31,42,tsl_man_dim: 01 | em_age: 03,1.0,3.0,0.0110281609612285,0.2258078369606504,0.0,0.0,0.0,0.2470541895619171,0.0,0.0859427048634248,0.0,0.0021052631578947,0.0,0.0042016433488785,1.0,1.0,1.0,1.0,1.0,1.0,1.0,1.0,1.0,1.0,1.0,1.0,16377708.0,2493569565912.0,0.0005007533472962677,33658.86802887867,0.0,0.2210706770420074,1.1459968390914456e-11,0.0,0.0,0.0,0.0,34574.63014886225,0.0,0.2270853817462921,1.3496233297605187e-10,10739.769057820722,0.0,0.0705385580658912,0.0,77.39216633922767,0.0,0.0005083099822513759,1.0524844884507443e-11,279.03474169254804,0.0,0.0018326938152313,8e1b3d5b-7c9a-4e2f-b1d3-a5c7e9f12345
900,2015-07-31,43,tsl_man_dim: 01 | em_age: 03,1.0,3.0,0.007520099882108,0.2277518502704933,0.0,0.0,0.0003462633477162983,0.247294481816398,0.0,0.0859427048634247,0.0,0.0021052631578947,0.0,0.0042016433488785,1.0,1.0,1.0,1.0,1.0,1.0,1.0,1.0,1.0,1.0,1.0,1.0,16377708.0,2493569565912.0,0.0012310127494856,35235.136396392074,0.0,0.2314235717058181,1.1459968390914456e-11,0.0,0.0,0.0,0.0,34493.10681059703,0.0,0.2265499383211136,1.3496233297605187e-10,10860.434170872912,0.0,0.0713310837745666,0.0,110.00870495700316,0.0,0.0007225346635095775,1.0524844884507443e-11,315.4241566059494,0.0,0.0020716986618936,8e1b3d5b-7c9a-4e2f-b1d3-a5c7e9f12345
900,2015-07-31,44,tsl_man_dim: 01 | em_age: 03,1.0,3.0,0.0004595270595861155,0.2296159168781366,0.0,0.0,0.0029602432770202,0.2477484174246266,0.0,0.0859427048634246,0.0,0.0021052631578947,0.0,0.0042016433488785,1.0,1.0,1.0,1.0,1.0,1.0,1.0,1.0,1.0,1.0,1.0,1.0,16377708.0,2493569565912.0,0.000642165367025882,33882.21833525044,0.0,0.2225376367568969,1.1459968390914456e-11,0.0,0.0,0.0,0.0,35207.16712819478,0.0,0.2312398701906204,1.3496233297605187e-10,11652.932313696576,0.0,0.0765361934900283,0.0,88.1996153314993,0.0,0.0005792930605821311,1.0524844884507443e-11,299.1237570568816,0.0,0.0019646380096673,8e1b3d5b-7c9a-4e2f-b1d3-a5c7e9f12345
900,2015-07-31,45,tsl_man_dim: 01 | em_age: 03,1.0,3.0,0.0,0.2296159168781364,0.0,0.0,0.0,0.2477484174246267,0.0,0.0859427048634246,0.0,0.0021052631578947,0.0,0.0042016433488785,1.0,1.0,1.0,1.0,1.0,1.0,1.0,1.0,1.0,1.0,1.0,1.0,16377708.0,2493569565912.0,0.0005291605484671891,33490.709836997135,0.0,0.2199662178754806,1.1459968390914456e-11,0.0,0.0,0.0,0.0,34631.898178375246,0.0,0.2274615168571472,1.3496233297605187e-10,10914.63143428394,0.0,0.0716870501637458,0.0,81.5946889817763,0.0,0.0005359120550565422,1.0524844884507443e-11,305.0910201649836,0.0,0.0020038308575749,8e1b3d5b-7c9a-4e2f-b1d3-a5c7e9f12345
900,2015-07-31,46,tsl_man_dim: 01 | em_age: 03,1.0,3.0,0.0,0.2296159168781364,0.0,0.0,0.0059767215290442,0.2485496930381534,0.0,0.0859427048634246,0.0,0.0021052631578947,0.0,0.0042016433488785,1.0,1.0,1.0,1.0,1.0,1.0,1.0,1.0,1.0,1.0,1.0,1.0,16377708.0,2493569565912.0,0.000928606663364917,33895.08900839153,0.0,0.2226221710443496,1.1459968390914456e-11,0.0,0.0,0.0,0.0,35227.474795264374,0.0,0.2313732504844665,1.3496233297605187e-10,11786.663213214391,0.0,0.0774145349860191,0.0,89.45735892793645,0.0,0.0005875538918189704,1.0524844884507443e-11,315.4712333673944,0.0,0.0020720078609883,8e1b3d5b-7c9a-4e2f-b1d3-a5c7e9f12345
900,2015-07-31,47,tsl_man_dim: 01 | em_age: 03,1.0,3.0,0.0,0.2296159168781362,0.0,0.0,0.0045345783427082,0.2492088411811044,0.0,0.0859427048634246,0.0,0.0021052631578947,0.0,0.0042016433488785,1.0,1.0,1.0,1.0,1.0,1.0,1.0,1.0,1.0,1.0,1.0,1.0,16377708.0,2493569565912.0,0.0,34032.21056911318,0.0,0.2235227823257446,1.1459968390914456e-11,0.0,0.0,0.0,0.0,35134.00870652945,0.0,0.2307593673467636,1.3496233297605187e-10,10878.64663846326,0.0,0.0714507028460502,0.0,43.937604648741534,0.0,0.00028858118457719684,1.0524844884507443e-11,272.51928954906543,0.0,0.0017899004742503,8e1b3d5b-7c9a-4e2f-b1d3-a5c7e9f12345
900,2015-07-31,48,tsl_man_dim: 01 | em_age: 03,1.0,3.0,0.0097823211892653,0.2308142131153446,0.0,0.0,0.0070890871909549,0.2494851174511135,0.0,0.0859427048634245,0.0,0.0021052631578947,0.0,0.0042016433488785,1.0,1.0,1.0,1.0,1.0,1.0,1.0,1.0,1.0,1.0,1.0,1.0,16377708.0,2493569565912.0,0.0,33052.04063319408,0.0,0.2170850485563278,1.1459968390914456e-11,0.0,0.0,0.0,0.0,35108.151653508314,0.0,0.2305895388126373,1.3496233297605187e-10,10913.129515436876,0.0,0.0716771855950355,0.0,40.15614960592461,0.0,0.00026374467415735126,1.0524844884507443e-11,273.6977683574069,0.0,0.0017976406961679,8e1b3d5b-7c9a-4e2f-b1d3-a5c7e9f12345
900,2015-07-31,49,tsl_man_dim: 01 | em_age: 03,1.0,3.0,0.0004465826353724221,0.2314000367835837,0.0,0.0,0.0055491281197588,0.2498329096042953,0.0,0.0859427048634246,0.0,0.0021052631578947,0.0,0.0042016433488785,1.0,1.0,1.0,1.0,1.0,1.0,1.0,1.0,1.0,1.0,1.0,1.0,16377708.0,2493569565912.0,0.0012113692937418,35141.44796921756,0.0,0.2308082282543182,1.1459968390914456e-11,0.0,0.0,0.0,0.0,35170.48809194026,0.0,0.2309989631175995,1.3496233297605187e-10,11698.376702618216,0.0,0.0768346711993217,0.0,114.23462418280003,0.0,0.0007502904045395553,1.0524844884507443e-11,349.1031127994076,0.0,0.0022929012775421,8e1b3d5b-7c9a-4e2f-b1d3-a5c7e9f12345
900,2015-07-31,50,tsl_man_dim: 01 | em_age: 03,1.0,3.0,0.00014012949797370913,0.2319769774849083,0.0,0.0,0.0,0.2498329096042951,0.00013738186075853837,0.0876482345103263,0.0,0.0021052631578947,0.0,0.0042016433488785,1.0,1.0,1.0,1.0,1.0,1.0,1.0,1.0,1.0,1.0,1.0,1.0,16377708.0,2493569565912.0,0.00052324851276353,34944.585431032305,0.0,0.2295152395963668,1.1459968390914456e-11,0.0,0.0,0.0,0.0,35235.38822870631,0.0,0.2314252257347107,1.3496233297605187e-10,11373.758043289385,0.0,0.0747025832533836,0.0,66.67369526203659,0.0,0.0004379113088361919,1.0524844884507443e-11,310.2359288212776,0.0,0.002037622500211,8e1b3d5b-7c9a-4e2f-b1d3-a5c7e9f12345
900,2015-07-31,51,tsl_man_dim: 01 | em_age: 03,1.0,3.0,0.0,0.2319769774849082,0.0,0.0,0.0,0.2498329096042952,0.0,0.0876482345103263,0.0,0.0021052631578947,0.0,0.0042016433488785,1.0,1.0,1.0,1.0,1.0,1.0,1.0,1.0,1.0,1.0,1.0,1.0,16377708.0,2493569565912.0,0.0007965022814460099,35323.33442536433,0.0,0.232002854347229,1.1459968390914456e-11,0.0,0.0,0.0,0.0,35368.80490502123,0.0,0.2323015034198761,1.3496233297605187e-10,11633.87359878001,0.0,0.0764110162854194,0.0,83.34191745926206,0.0,0.0005473878118209541,1.0524844884507443e-11,324.4529689801929,0.0,0.0021309996955096,8e1b3d5b-7c9a-4e2f-b1d3-a5c7e9f12345
900,2015-07-31,52,tsl_man_dim: 01 | em_age: 03,1.0,3.0,0.0,0.2319769774849082,0.0,0.0,0.0048053121963097,0.2499310743882006,0.0,0.0876482345103263,0.0,0.0021052631578947,0.0,0.0042016433488785,1.0,1.0,1.0,1.0,1.0,1.0,1.0,1.0,1.0,1.0,1.0,1.0,16377708.0,2493569565912.0,0.0,33953.73417497426,0.0,0.2230073511600494,1.1459968390914456e-11,0.0,0.0,0.0,0.0,33425.37409839024,0.0,0.2195370942354202,1.3496233297605187e-10,9171.447587953173,0.0,0.0602378584444522,0.0,21.880440342068933,0.0,0.0001437102328054607,1.0524844884507443e-11,248.16826750174295,0.0,0.001629963517189,8e1b3d5b-7c9a-4e2f-b1d3-a5c7e9f12345
900,2015-07-31,53,tsl_man_dim: 01 | em_age: 03,1.0,3.0,0.0,0.2319769774849082,0.0,0.0,0.0,0.2499310743882009,0.0,0.0876482345103264,0.0,0.0021052631578947,0.0,0.0042016433488785,1.0,1.0,1.0,1.0,1.0,1.0,1.0,1.0,1.0,1.0,1.0,1.0,16377708.0,2493569565912.0,0.0004287937772460282,34604.0673045128,0.0,0.2272787243127823,1.1459968390914456e-11,0.0,0.0,0.0,0.0,35568.58733679586,0.0,0.2336136698722839,1.3496233297605187e-10,11761.113577117389,0.0,0.0772467255592346,0.0,56.45342961055937,0.0,0.00037078483728691936,1.0524844884507443e-11,304.61287908187353,0.0,0.0020006904378533,8e1b3d5b-7c9a-4e2f-b1d3-a5c7e9f12345
900,2015-07-31,54,tsl_man_dim: 01 | em_age: 03,1.0,3.0,0.0009495834215630172,0.2331042099868289,0.0,0.0,0.00016504140872459076,0.2500203562051956,0.0,0.0876482345103263,0.0,0.0021052631578947,0.0,0.0042016433488785,1.0,1.0,1.0,1.0,1.0,1.0,1.0,1.0,1.0,1.0,1.0,1.0,16377708.0,2493569565912.0,0.0,34044.37112050331,0.0,0.2236026525497436,1.1459968390914456e-11,0.0,0.0,0.0,0.0,34918.91895381653,0.0,0.2293466627597808,1.3496233297605187e-10,11016.72675011072,0.0,0.0723576098680496,0.0,69.58323763580142,0.0,0.0004570211167447269,1.0524844884507443e-11,309.1691155238937,0.0,0.0020306156948208,8e1b3d5b-7c9a-4e2f-b1d3-a5c7e9f12345
900,2015-07-31,55,tsl_man_dim: 01 | em_age: 03,1.0,3.0,0.0038497450314781,0.2336545017874233,0.0,0.0,0.0,0.2500203562051957,0.0,0.0876482345103262,0.0,0.0021052631578947,0.0,0.0042016433488785,1.0,1.0,1.0,1.0,1.0,1.0,1.0,1.0,1.0,1.0,1.0,1.0,16377708.0,2493569565912.0,0.000595066521782428,35754.09700200421,0.0,0.2348320931196212,1.1459968390914456e-11,0.0,0.0,0.0,0.0,34794.46614663266,0.0,0.2285292595624923,1.3496233297605187e-10,11160.327888214872,0.0,0.0733007788658142,0.0,143.56514813272494,0.0,0.0009429326164536178,1.0524844884507443e-11,351.41852375614064,0.0,0.002308108843863,8e1b3d5b-7c9a-4e2f-b1d3-a5c7e9f12345
900,2015-07-31,56,tsl_man_dim: 01 | em_age: 03,1.0,3.0,0.0001089896095351071,0.2341959106211062,0.00042863140556663974,0.0021052631578947,0.0,0.2500203562051957,0.0,0.0876482345103263,0.0,0.0021052631578947,0.0,0.0042016433488785,1.0,1.0,1.0,1.0,1.0,1.0,1.0,1.0,1.0,1.0,1.0,1.0,16377708.0,2493569565912.0,0.0,35608.15450400554,0.0,0.2338735461235046,1.1459968390914456e-11,0.0,0.0,0.0,0.0,35089.79965720332,0.0,0.2304690033197403,1.3496233297605187e-10,12279.35158280084,0.0,0.0806505009531974,0.0,212.70516231344592,0.0,0.0013970426516607,1.0524844884507443e-11,352.6150108437096,0.0,0.0023159673437476,8e1b3d5b-7c9a-4e2f-b1d3-a5c7e9f12345
900,2015-07-31,57,tsl_man_dim: 01 | em_age: 03,1.0,3.0,0.0,0.234195910621106,0.0,0.0021052631578947,0.0,0.2500203562051959,0.0,0.0876482345103263,0.0,0.0021052631578947,0.0,0.0042016433488785,0.0,0.0,1.0,1.0,1.0,1.0,1.0,1.0,1.0,1.0,1.0,1.0,16377708.0,2493569565912.0,0.0,0.0,0.0,0.0,1.1459968390914456e-11,0.0,0.0,0.0,0.0,34873.41217400623,0.0,0.2290477752685547,1.3496233297605187e-10,11722.4164792096,0.0,0.0769925639033317,0.0,197.6352103470256,0.0,0.0012980635510757,1.0524844884507443e-11,345.38461583514965,0.0,0.0022684782743453,8e1b3d5b-7c9a-4e2f-b1d3-a5c7e9f12345
900,2015-07-31,58,tsl_man_dim: 01 | em_age: 03,1.0,3.0,0.0,0.2341959106211062,0.0,0.0021052631578947,0.0,0.2500203562051957,0.0,0.0876482345103262,0.0,0.0021052631578947,0.0,0.0042016433488785,0.0,0.0,1.0,1.0,1.0,1.0,1.0,1.0,1.0,1.0,1.0,1.0,16377708.0,2493569565912.0,0.0,0.0,0.0,0.0,1.1459968390914456e-11,2.5090797195074654,0.0,1.6479578334838152e-05,0.0,34989.29587622732,0.0,0.229808896780014,1.3496233297605187e-10,12567.946877396002,0.0,0.0825459882616996,0.0,205.71844626435347,0.0,0.0013511540601029,1.0524844884507443e-11,363.2232343846854,0.0,0.002385641913861,8e1b3d5b-7c9a-4e2f-b1d3-a5c7e9f12345
900,2015-07-31,59,tsl_man_dim: 01 | em_age: 03,1.0,3.0,0.0,0.2341959106211062,0.0,0.0021052631578947,0.0,0.2500203562051959,0.0,0.0876482345103262,0.0,0.0021052631578947,0.0,0.0042016433488785,0.0,0.0,1.0,1.0,1.0,1.0,1.0,1.0,1.0,1.0,1.0,1.0,16377708.0,2493569565912.0,0.0,0.0,0.0,0.0,1.1459968390914456e-11,0.0,0.0,0.0,0.0,34891.33537474915,0.0,0.229165494441986,1.3496233297605187e-10,11479.43913364454,0.0,0.0753966942429542,0.0,146.6080510310049,0.0,0.0009629183332435788,1.0524844884507443e-11,336.515892809314,0.0,0.002210228703916,8e1b3d5b-7c9a-4e2f-b1d3-a5c7e9f12345
900,2015-07-31,60,tsl_man_dim: 01 | em_age: 03,1.0,3.0,0.0,0.2341959106211061,0.0,0.0021052631578947,0.0017050004799206,0.2501007550552785,0.0,0.0876482345103262,0.0,0.0021052631578947,0.0,0.0042016433488785,0.0,0.0,1.0,1.0,1.0,1.0,1.0,1.0,1.0,1.0,1.0,1.0,16377708.0,2493569565912.0,0.0,0.0,0.0,0.0,1.1459968390914456e-11,0.0,0.0,0.0,0.0,34835.16088735743,0.0,0.2287965416908264,1.3496233297605187e-10,11441.870743631636,0.0,0.0751499459147453,0.0,142.21849751994435,0.0,0.0009340878459624946,1.0524844884507443e-11,327.6137055795596,0.0,0.0021517593413591,8e1b3d5b-7c9a-4e2f-b1d3-a5c7e9f12345
900,2015-07-31,61,tsl_man_dim: 01 | em_age: 03,1.0,3.0,0.0,0.2341959106211062,0.0,0.0021052631578947,0.0,0.2501007550552785,0.0,0.0876482345103263,0.0,0.0021052631578947,0.0,0.0042016433488785,0.0,0.0,1.0,1.0,1.0,1.0,1.0,1.0,1.0,1.0,1.0,1.0,16377708.0,2493569565912.0,0.0,0.0,0.0,0.0,1.1459968390914456e-11,2.01565995854893,0.0,1.323880860581994e-05,0.0,34832.24099376804,0.0,0.2287773638963699,1.3496233297605187e-10,12178.852339344015,0.0,0.0799904242157936,0.0,199.0442518484682,0.0,0.0013073181034997,1.0524844884507443e-11,397.2388886807073,0.0,0.0026090559549629,8e1b3d5b-7c9a-4e2f-b1d3-a5c7e9f12345
900,2015-07-31,62,tsl_man_dim: 01 | em_age: 03,1.0,3.0,0.0,0.2341959106211061,0.0,0.0021052631578947,0.0,0.2501007550552785,0.0,0.0876482345103263,0.0,0.0021052631578947,0.0,0.0042016433488785,0.0,0.0,1.0,1.0,1.0,1.0,1.0,1.0,1.0,1.0,1.0,1.0,16377708.0,2493569565912.0,0.0,0.0,0.0,0.0,1.1459968390914456e-11,0.0,0.0,0.0,0.0,34954.12556509863,0.0,0.229577898979187,1.3496233297605187e-10,11859.704793760948,0.0,0.0778942704200744,0.0,161.48961619056598,0.0,0.0010606601135805,1.0524844884507443e-11,360.3373012903802,0.0,0.0023666871711611,8e1b3d5b-7c9a-4e2f-b1d3-a5c7e9f12345
900,2015-07-31,63,tsl_man_dim: 01 | em_age: 03,1.0,3.0,0.0,0.2341959106211061,0.0,0.0021052631578947,0.0005678450244686252,0.2501722709384516,0.0,0.0876482345103263,0.0,0.0021052631578947,0.0,0.0042016433488785,0.0,0.0,1.0,1.0,1.0,1.0,1.0,1.0,1.0,1.0,1.0,1.0,16377708.0,2493569565912.0,0.0,0.0,0.0,0.0,1.1459968390914456e-11,0.0,0.0,0.0,0.0,35253.291010612935,0.0,0.2315428107976913,1.3496233297605187e-10,12015.091003543464,0.0,0.0789148434996604,0.0,181.9729703307385,0.0,0.0011951943160966,1.0524844884507443e-11,359.45943312741036,0.0,0.0023609213531017,8e1b3d5b-7c9a-4e2f-b1d3-a5c7e9f12345
900,2015-07-31,64,tsl_man_dim: 01 | em_age: 03,1.0,3.0,0.0,0.2341959106211063,0.0,0.0021052631578947,0.0,0.2501722709384512,0.0,0.0876482345103263,0.0,0.0021052631578947,0.0,0.0042016433488785,0.0,0.0,1.0,1.0,1.0,1.0,1.0,1.0,1.0,1.0,1.0,1.0,16377708.0,2493569565912.0,0.0,0.0,0.0,0.0,1.1459968390914456e-11,0.0,0.0,0.0,0.0,33811.696212226045,0.0,0.2220744490623474,1.3496233297605187e-10,9649.903461456011,0.0,0.0633803457021713,0.0,129.91813382022193,0.0,0.0008532993379049003,1.0524844884507443e-11,294.6673460367207,0.0,0.0019353684037923,8e1b3d5b-7c9a-4e2f-b1d3-a5c7e9f12345
900,2015-07-31,65,tsl_man_dim: 01 | em_age: 03,1.0,3.0,0.0,0.2341959106211061,0.0,0.0021052631578947,0.0,0.2501722709384513,0.0015113225855534,0.0893448811903173,0.0,0.0021052631578947,0.0,0.0042016433488785,0.0,0.0,1.0,1.0,1.0,1.0,1.0,1.0,1.0,1.0,1.0,1.0,16377708.0,2493569565912.0,0.0,0.0,0.0,0.0,1.1459968390914456e-11,0.0,0.0,0.0,0.0,35156.89368449069,0.0,0.2309096753597259,1.3496233297605187e-10,12242.38441407868,0.0,0.0804077014327049,0.0,158.548807473733,0.0,0.0010413449490442,1.0524844884507443e-11,348.4550983421677,0.0,0.0022886451333761,8e1b3d5b-7c9a-4e2f-b1d3-a5c7e9f12345
900,2015-07-31,66,tsl_man_dim: 01 | em_age: 03,1.0,3.0,0.0,0.2341959106211062,0.0,0.0021052631578947,0.0,0.2501722709384512,0.0,0.0893448811903173,0.0,0.0021052631578947,0.0,0.0042016433488785,0.0,0.0,1.0,1.0,1.0,1.0,1.0,1.0,1.0,1.0,1.0,1.0,16377708.0,2493569565912.0,0.0,0.0,0.0,0.0,1.1459968390914456e-11,0.0,0.0,0.0,0.0,35077.28517931751,0.0,0.230386808514595,1.3496233297605187e-10,11474.74960757674,0.0,0.0753658935427665,0.0,102.9535716265938,0.0,0.0006761967088095844,1.0524844884507443e-11,320.7984226768136,0.0,0.0021069967187941,8e1b3d5b-7c9a-4e2f-b1d3-a5c7e9f12345
900,2015-07-31,67,tsl_man_dim: 01 | em_age: 03,1.0,3.0,,,,,,,,,,,,,0.0,0.0,1.0,1.0,1.0,1.0,1.0,1.0,1.0,1.0,1.0,1.0,16377708.0,2493569565912.0,0.0,0.0,0.0,0.0,1.1459968390914456e-11,0.0,0.0,0.0,0.0,35812.37236077415,0.0,0.2352148443460464,1.3496233297605187e-10,11449.938452725535,0.0,0.0752029344439506,0.0,0.0,0.0,0.0,1.0524844884507443e-11,305.5334282845872,0.0,0.0020067365840077,8e1b3d5b-7c9a-4e2f-b1d3-a5c7e9f12345
900,2015-07-31,68,tsl_man_dim: 01 | em_age: 03,1.0,3.0,,,,,,,,,,,,,0.0,0.0,1.0,1.0,1.0,1.0,1.0,1.0,1.0,1.0,1.0,1.0,16377708.0,2493569565912.0,0.0,0.0,0.0,0.0,1.1459968390914456e-11,0.0,0.0,0.0,0.0,36342.56332634546,0.0,0.2386971265077591,1.3496233297605187e-10,12256.028734239171,0.0,0.0804973170161247,0.0,0.0,0.0,0.0,1.0524844884507443e-11,287.8531266150314,0.0,0.0018906127661466,8e1b3d5b-7c9a-4e2f-b1d3-a5c7e9f12345
900,2015-07-31,69,tsl_man_dim: 01 | em_age: 03,1.0,3.0,,,,,,,,,,,,,0.0,0.0,1.0,1.0,1.0,1.0,1.0,1.0,1.0,1.0,1.0,1.0,16377708.0,2493569565912.0,0.0,0.0,0.0,0.0,1.1459968390914456e-11,0.0,0.0,0.0,0.0,35810.6821348813,0.0,0.235203742980957,1.3496233297605187e-10,11505.13737349454,0.0,0.0755654796957969,0.0,0.0,0.0,0.0,1.0524844884507443e-11,292.82879998582956,0.0,0.0019232928752899,8e1b3d5b-7c9a-4e2f-b1d3-a5c7e9f12345
900,2015-07-31,70,tsl_man_dim: 01 | em_age: 03,1.0,3.0,,,,,,,,,,,,,0.0,0.0,1.0,1.0,1.0,1.0,1.0,1.0,1.0,1.0,1.0,1.0,16377708.0,2493569565912.0,0.0,0.0,0.0,0.0,1.1459968390914456e-11,0.0,0.0,0.0,0.0,36310.79615459833,0.0,0.2384884804487228,1.3496233297605187e-10,12392.071499776868,0.0,0.081390842795372,0.0,0.0,0.0,0.0,1.0524844884507443e-11,302.40353263586593,0.0,0.0019861795008182,8e1b3d5b-7c9a-4e2f-b1d3-a5c7e9f12345
900,2015-07-31,71,tsl_man_dim: 01 | em_age: 03,1.0,3.0,,,,,,,,,,,,,0.0,0.0,1.0,1.0,1.0,1.0,1.0,1.0,1.0,1.0,1.0,1.0,16377708.0,2493569565912.0,0.0,0.0,0.0,0.0,1.1459968390914456e-11,0.0,0.0,0.0,0.0,36284.2720862584,0.0,0.2383142709732055,1.3496233297605187e-10,11456.368117397107,0.0,0.075245164334774,0.0,0.0,0.0,0.0,1.0524844884507443e-11,258.93324815048214,0.0,0.0017006676644086,8e1b3d5b-7c9a-4e2f-b1d3-a5c7e9f12345
900,2015-07-31,72,tsl_man_dim: 01 | em_age: 03,1.0,3.0,,,,,,,,,,,,,0.0,0.0,1.0,1.0,1.0,1.0,1.0,1.0,1.0,1.0,1.0,1.0,16377708.0,2493569565912.0,0.0,0.0,0.0,0.0,1.1459968390914456e-11,0.0,0.0,0.0,0.0,36229.4974235323,0.0,0.2379545122385025,1.3496233297605187e-10,11500.79837078304,0.0,0.0755369812250137,0.0,0.0,0.0,0.0,1.0524844884507443e-11,258.88234285723286,0.0,0.0017003333196043,8e1b3d5b-7c9a-4e2f-b1d3-a5c7e9f12345
900,2015-07-31,73,tsl_man_dim: 01 | em_age: 03,1.0,3.0,,,,,,,,,,,,,0.0,0.0,1.0,1.0,1.0,1.0,1.0,1.0,1.0,1.0,1.0,1.0,16377708.0,2493569565912.0,0.0,0.0,0.0,0.0,1.1459968390914456e-11,0.0,0.0,0.0,0.0,36234.39567548217,0.0,0.23798668384552,1.3496233297605187e-10,12317.238733535816,0.0,0.0808993428945541,0.0,0.0,0.0,0.0,1.0524844884507443e-11,332.83220712497996,0.0,0.0021860343404114,8e1b3d5b-7c9a-4e2f-b1d3-a5c7e9f12345
900,2015-07-31,74,tsl_man_dim: 01 | em_age: 03,1.0,3.0,,,,,,,,,,,,,0.0,0.0,1.0,1.0,1.0,1.0,1.0,1.0,1.0,1.0,1.0,1.0,16377708.0,2493569565912.0,0.0,0.0,0.0,0.0,1.1459968390914456e-11,0.0,0.0,0.0,0.0,36345.823533872994,0.0,0.2387185394763946,1.3496233297605187e-10,11991.660388901382,0.0,0.078760951757431,0.0,0.0,0.0,0.0,1.0524844884507443e-11,294.58992461579004,0.0,0.0019348599016666,8e1b3d5b-7c9a-4e2f-b1d3-a5c7e9f12345
900,2015-07-31,75,tsl_man_dim: 01 | em_age: 03,1.0,3.0,,,,,,,,,,,,,0.0,0.0,1.0,1.0,1.0,1.0,1.0,1.0,1.0,1.0,1.0,1.0,16377708.0,2493569565912.0,0.0,0.0,0.0,0.0,1.1459968390914456e-11,0.0,0.0,0.0,0.0,36415.37689655345,0.0,0.2391753643751144,1.3496233297605187e-10,12258.688854855764,0.0,0.0805147886276245,0.0,0.0,0.0,0.0,1.0524844884507443e-11,305.8028434856279,0.0,0.0020085060968995,8e1b3d5b-7c9a-4e2f-b1d3-a5c7e9f12345
900,2015-07-31,76,tsl_man_dim: 01 | em_age: 03,1.0,3.0,,,,,,,,,,,,,0.0,0.0,1.0,1.0,1.0,1.0,1.0,1.0,1.0,1.0,1.0,1.0,16377708.0,2493569565912.0,0.0,0.0,0.0,0.0,1.1459968390914456e-11,0.0,0.0,0.0,0.0,34831.308533577496,0.0,0.2287712395191192,1.3496233297605187e-10,9746.905412008382,0.0,0.0640174522995948,0.0,0.0,0.0,0.0,1.0524844884507443e-11,231.3041520938661,0.0,0.0015192003920674,8e1b3d5b-7c9a-4e2f-b1d3-a5c7e9f12345
900,2015-07-31,77,tsl_man_dim: 01 | em_age: 03,1.0,3.0,,,,,,,,,,,,,0.0,0.0,1.0,1.0,1.0,1.0,1.0,1.0,1.0,1.0,1.0,1.0,16377708.0,2493569565912.0,0.0,0.0,0.0,0.0,1.1459968390914456e-11,0.0,0.0,0.0,0.0,36558.89409055285,0.0,0.2401179820299148,1.3496233297605187e-10,12379.485555964042,0.0,0.0813081786036491,0.0,0.0,0.0,0.0,1.0524844884507443e-11,286.2712339925,0.0,0.0018802229315042,8e1b3d5b-7c9a-4e2f-b1d3-a5c7e9f12345
900,2015-07-31,78,tsl_man_dim: 01 | em_age: 03,1.0,3.0,,,,,,,,,,,,,0.0,0.0,1.0,1.0,1.0,1.0,1.0,1.0,1.0,1.0,1.0,1.0,16377708.0,2493569565912.0,0.0,0.0,0.0,0.0,1.1459968390914456e-11,0.0,0.0,0.0,0.0,36367.97797124699,0.0,0.2388640493154525,1.3496233297605187e-10,11625.50527904074,0.0,0.0763560533523559,0.0,0.0,0.0,0.0,1.0524844884507443e-11,259.37565627008576,0.0,0.0017035733908414,8e1b3d5b-7c9a-4e2f-b1d3-a5c7e9f12345
900,2015-07-31,79,tsl_man_dim: 01 | em_age: 03,1.0,3.0,,,,,,,,,,,,,0.0,0.0,1.0,1.0,1.0,1.0,1.0,1.0,1.0,1.0,1.0,1.0,16377708.0,2493569565912.0,0.0,0.0,0.0,0.0,1.1459968390914456e-11,0.0,0.0,0.0,0.0,36300.77050598024,0.0,0.2384226322174072,1.3496233297605187e-10,11761.763576739268,0.0,0.0772509947419166,0.0,0.0,0.0,0.0,1.0524844884507443e-11,294.3454657702142,0.0,0.001933254301548,8e1b3d5b-7c9a-4e2f-b1d3-a5c7e9f12345
900,2015-07-31,80,tsl_man_dim: 01 | em_age: 03,1.0,3.0,,,,,,,,,,,,,0.0,0.0,1.0,1.0,1.0,1.0,1.0,1.0,1.0,1.0,1.0,1.0,16377708.0,2493569565912.0,0.0,0.0,0.0,0.0,1.1459968390914456e-11,0.0,0.0,0.0,0.0,36801.832867204925,0.0,0.241713598370552,1.3496233297605187e-10,12577.777412689553,0.0,0.0826105549931526,0.0,0.0,0.0,0.0,1.0524844884507443e-11,276.17114170043436,0.0,0.0018138857558369,8e1b3d5b-7c9a-4e2f-b1d3-a5c7e9f12345
900,2015-07-31,81,tsl_man_dim: 01 | em_age: 03,1.0,3.0,,,,,,,,,,,,,0.0,0.0,1.0,1.0,1.0,1.0,1.0,1.0,1.0,1.0,1.0,1.0,16377708.0,2493569565912.0,0.0,0.0,0.0,0.0,1.1459968390914456e-11,0.0,0.0,0.0,0.0,38063.469655094596,0.0,0.25,1.3496233297605187e-10,10574.40144023207,0.0,0.0694524273276329,2.5172468667733483e-05,0.0,0.0,0.0,1.0524844884507443e-11,215.93826879872373,0.0,0.0014182776212692,8e1b3d5b-7c9a-4e2f-b1d3-a5c7e9f12345
900,2015-07-31,82,tsl_man_dim: 01 | em_age: 03,1.0,3.0,,,,,,,,,,,,,0.0,0.0,1.0,1.0,1.0,1.0,1.0,1.0,1.0,1.0,1.0,1.0,16377708.0,2493569565912.0,0.0,0.0,0.0,0.0,1.1459968390914456e-11,0.0,0.0,0.0,0.0,38063.469655094596,0.0,0.25,1.3496233297605187e-10,11453.138538124002,0.0,0.0752239525318145,0.0,0.0,0.0,0.0,1.0524844884507443e-11,226.47226136193908,0.0,0.0014874646440148,8e1b3d5b-7c9a-4e2f-b1d3-a5c7e9f12345
900,2015-07-31,83,tsl_man_dim: 01 | em_age: 03,1.0,3.0,,,,,,,,,,,,,0.0,0.0,1.0,1.0,1.0,1.0,1.0,1.0,1.0,1.0,1.0,1.0,16377708.0,2493569565912.0,0.0,0.0,0.0,0.0,1.1459968390914456e-11,0.0,0.0,0.0,0.0,38063.469655094596,0.0,0.25,1.3496233297605187e-10,10535.179124479726,0.0,0.0691948160529136,9.933003639162052e-06,0.0,0.0,0.0,1.0524844884507443e-11,184.10700459324465,0.0,0.0012092106044292,8e1b3d5b-7c9a-4e2f-b1d3-a5c7e9f12345
900,2015-07-31,84,tsl_man_dim: 01 | em_age: 03,1.0,3.0,,,,,,,,,,,,,0.0,0.0,1.0,1.0,1.0,1.0,1.0,1.0,1.0,1.0,1.0,1.0,16377708.0,2493569565912.0,0.0,0.0,0.0,0.0,1.1459968390914456e-11,0.0,0.0,0.0,0.0,38063.469655094596,0.0,0.25,1.3496233297605187e-10,10562.500661814734,0.0,0.0693742632865905,1.7994725567405112e-06,0.0,0.0,0.0,1.0524844884507443e-11,183.87927784962815,0.0,0.0012077149003744,8e1b3d5b-7c9a-4e2f-b1d3-a5c7e9f12345
900,2015-07-31,85,tsl_man_dim: 01 | em_age: 03,1.0,3.0,,,,,,,,,,,,,0.0,0.0,1.0,1.0,1.0,1.0,1.0,1.0,1.0,1.0,1.0,1.0,16377708.0,2493569565912.0,0.0,0.0,0.0,0.0,1.1459968390914456e-11,0.0,0.0,0.0,0.0,38063.469655094596,0.0,0.25,1.3496233297605187e-10,11383.14049856436,0.0,0.0747642070055008,0.0,0.0,0.0,0.0,1.0524844884507443e-11,257.7622846082749,0.0,0.0016929768025875,8e1b3d5b-7c9a-4e2f-b1d3-a5c7e9f12345
900,2015-07-31,86,tsl_man_dim: 01 | em_age: 03,1.0,3.0,,,,,,,,,,,,,0.0,0.0,1.0,1.0,1.0,1.0,1.0,1.0,1.0,1.0,1.0,1.0,16377708.0,2493569565912.0,0.0,0.0,0.0,0.0,1.1459968390914456e-11,0.0,0.0,0.0,0.0,38063.469655094596,0.0,0.25,1.3496233297605187e-10,11056.916691827222,0.0,0.072621576488018,0.0,0.0,0.0,0.0,1.0524844884507443e-11,220.752576643846,0.0,0.0014498978853225,8e1b3d5b-7c9a-4e2f-b1d3-a5c7e9f12345
900,2015-07-31,87,tsl_man_dim: 01 | em_age: 03,1.0,3.0,,,,,,,,,,,,,0.0,0.0,1.0,1.0,1.0,1.0,1.0,1.0,1.0,1.0,1.0,1.0,16377708.0,2493569565912.0,0.0,0.0,0.0,0.0,1.1459968390914456e-11,0.0,0.0,0.0,0.0,38063.469655094596,0.0,0.25,1.3496233297605187e-10,11320.382070849106,0.0,0.0743520110845565,6.702362043142784e-06,0.0,0.0,0.0,1.0524844884507443e-11,233.7182540926646,0.0,0.0015350561589002,8e1b3d5b-7c9a-4e2f-b1d3-a5c7e9f12345
900,2015-07-31,88,tsl_man_dim: 01 | em_age: 03,1.0,3.0,,,,,,,,,,,,,0.0,0.0,1.0,1.0,1.0,1.0,1.0,1.0,1.0,1.0,1.0,1.0,16377708.0,2493569565912.0,0.0,0.0,0.0,0.0,1.1459968390914456e-11,0.0,0.0,0.0,0.0,37781.56039500442,0.0,0.248148426413536,1.3496233297605187e-10,8837.69433533432,0.0,0.0580457746982574,2.725903868849855e-05,0.0,0.0,0.0,1.0524844884507443e-11,157.8916293547209,0.0,0.0010370286181569,8e1b3d5b-7c9a-4e2f-b1d3-a5c7e9f12345
900,2015-07-31,89,tsl_man_dim: 01 | em_age: 03,1.0,3.0,,,,,,,,,,,,,0.0,0.0,1.0,1.0,1.0,1.0,1.0,1.0,1.0,1.0,1.0,1.0,16377708.0,2493569565912.0,0.0,0.0,0.0,0.0,1.1459968390914456e-11,0.0,0.0,0.0,0.0,38063.469655094596,0.0,0.25,1.3496233297605187e-10,11431.42083697064,0.0,0.0750813111662864,0.0,0.0,0.0,0.0,1.0524844884507443e-11,213.48417991219185,0.0,0.0014021592214703,8e1b3d5b-7c9a-4e2f-b1d3-a5c7e9f12345
900,2015-07-31,90,tsl_man_dim: 01 | em_age: 03,1.0,3.0,,,,,,,,,,,,,0.0,0.0,1.0,1.0,1.0,1.0,1.0,1.0,1.0,1.0,1.0,1.0,16377708.0,2493569565912.0,0.0,0.0,0.0,0.0,1.1459968390914456e-11,0.0,0.0,0.0,0.0,38063.469655094596,0.0,0.25,1.3496233297605187e-10,10690.041250797483,0.0,0.0702119469642639,3.833190021396149e-06,0.0,0.0,0.0,1.0524844884507443e-11,187.2014508734079,0.0,0.001229534856975,8e1b3d5b-7c9a-4e2f-b1d3-a5c7e9f12345
900,2015-07-31,91,tsl_man_dim: 01 | em_age: 03,1.0,3.0,,,,,,,,,,,,,0.0,0.0,1.0,1.0,1.0,1.0,1.0,1.0,1.0,1.0,1.0,1.0,16377708.0,2493569565912.0,0.0,0.0,0.0,0.0,1.1459968390914456e-11,0.0,0.0,0.0,0.0,38063.469655094596,0.0,0.25,1.3496233297605187e-10,10819.33785970112,0.0,0.0710611641407013,1.0586268217593895e-05,0.0,0.0,0.0,1.0524844884507443e-11,223.32605900368117,0.0,0.0014668004587292,8e1b3d5b-7c9a-4e2f-b1d3-a5c7e9f12345
900,2015-07-31,92,tsl_man_dim: 01 | em_age: 03,1.0,3.0,,,,,,,,,,,,,0.0,0.0,1.0,1.0,1.0,1.0,1.0,1.0,1.0,1.0,1.0,1.0,16377708.0,2493569565912.0,0.0,0.0,0.0,0.0,1.1459968390914456e-11,0.0,0.0,0.0,0.0,38063.469655094596,0.0,0.25,1.3496233297605187e-10,11594.127199562909,0.0,0.0761499628424644,0.0,0.0,0.0,0.0,1.0524844884507443e-11,205.05602163879476,0.0,0.0013468032702803,8e1b3d5b-7c9a-4e2f-b1d3-a5c7e9f12345
900,2015-07-31,93,tsl_man_dim: 01 | em_age: 03,1.0,3.0,,,,,,,,,,,,,0.0,0.0,1.0,1.0,1.0,1.0,1.0,1.0,1.0,1.0,1.0,1.0,16377708.0,2493569565912.0,0.0,0.0,0.0,0.0,1.1459968390914456e-11,0.0,0.0,0.0,0.0,38063.469655094596,0.0,0.25,1.3496233297605187e-10,10845.467163872783,0.0,0.0712327808141708,2.6579406039672904e-05,0.0,0.0,0.0,1.0524844884507443e-11,210.42745176017425,0.0,0.0013820827007293,8e1b3d5b-7c9a-4e2f-b1d3-a5c7e9f12345
900,2015-07-31,94,tsl_man_dim: 01 | em_age: 03,1.0,3.0,,,,,,,,,,,,,0.0,0.0,1.0,1.0,1.0,1.0,1.0,1.0,1.0,1.0,1.0,1.0,16377708.0,2493569565912.0,0.0,0.0,0.0,0.0,1.1459968390914456e-11,0.0,0.0,0.0,0.0,38063.469655094596,0.0,0.25,1.3496233297605187e-10,11726.735063084809,0.0,0.0770209282636642,0.0,0.0,0.0,0.0,1.0524844884507443e-11,220.30038449852037,0.0,0.0014469278976321,8e1b3d5b-7c9a-4e2f-b1d3-a5c7e9f12345
900,2015-07-31,95,tsl_man_dim: 01 | em_age: 03,1.0,3.0,,,,,,,,,,,,,0.0,0.0,1.0,1.0,1.0,1.0,1.0,1.0,1.0,1.0,1.0,1.0,16377708.0,2493569565912.0,0.0,0.0,0.0,0.0,1.1459968390914456e-11,0.0,0.0,0.0,0.0,38063.469655094596,0.0,0.25,1.3496233297605187e-10,10801.564397090991,0.0,0.0709444284439086,1.3007823326915968e-05,0.0,0.0,0.0,1.0524844884507443e-11,177.72143893615845,0.0,0.0011672703549265,8e1b3d5b-7c9a-4e2f-b1d3-a5c7e9f12345
900,2015-07-31,96,tsl_man_dim: 01 | em_age: 03,1.0,3.0,,,,,,,,,,,,,0.0,0.0,1.0,1.0,1.0,1.0,1.0,1.0,1.0,1.0,1.0,1.0,16377708.0,2493569565912.0,0.0,0.0,0.0,0.0,1.1459968390914456e-11,0.0,0.0,0.0,0.0,38063.469655094596,0.0,0.25,1.3496233297605187e-10,10835.951986161926,0.0,0.0711702853441238,4.953978532284964e-06,0.0,0.0,0.0,1.0524844884507443e-11,176.65384575266629,0.0,0.0011602584272623,8e1b3d5b-7c9a-4e2f-b1d3-a5c7e9f12345
900,2015-07-31,97,tsl_man_dim: 01 | em_age: 03,1.0,3.0,,,,,,,,,,,,,0.0,0.0,1.0,1.0,1.0,1.0,1.0,1.0,1.0,1.0,1.0,1.0,16377708.0,2493569565912.0,0.0,0.0,0.0,0.0,1.1459968390914456e-11,0.0,0.0,0.0,0.0,38063.469655094596,0.0,0.25,1.3496233297605187e-10,11653.446187743191,0.0,0.0765395686030387,0.0,0.0,0.0,0.0,1.0524844884507443e-11,249.90656273835216,0.0,0.0016413806006312,8e1b3d5b-7c9a-4e2f-b1d3-a5c7e9f12345
900,2015-07-31,98,tsl_man_dim: 01 | em_age: 03,1.0,3.0,,,,,,,,,,,,,0.0,0.0,1.0,1.0,1.0,1.0,1.0,1.0,1.0,1.0,1.0,1.0,16377708.0,2493569565912.0,0.0,0.0,0.0,0.0,1.1459968390914456e-11,0.0,0.0,0.0,0.0,38063.469655094596,0.0,0.25,1.3496233297605187e-10,11325.095418892575,0.0,0.0743829682469368,0.0,0.0,0.0,0.0,1.0524844884507443e-11,212.85942024072597,0.0,0.0013980558142066,8e1b3d5b-7c9a-4e2f-b1d3-a5c7e9f12345
900,2015-07-31,99,tsl_man_dim: 01 | em_age: 03,1.0,3.0,,,,,,,,,,,,,0.0,0.0,1.0,1.0,1.0,1.0,1.0,1.0,1.0,1.0,1.0,1.0,16377708.0,2493569565912.0,0.0,0.0,0.0,0.0,1.1459968390914456e-11,0.0,0.0,0.0,0.0,38063.469655094596,0.0,0.25,1.3496233297605187e-10,11585.665860680538,0.0,0.0760943889617919,1.0176311661780346e-05,0.0,0.0,0.0,1.0524844884507443e-11,225.45628245906735,0.0,0.0014807917177677,8e1b3d5b-7c9a-4e2f-b1d3-a5c7e9f12345
